Steps;Trials;Correct;Accurary
1;19558; 11960; 0.611514
2;19258; 10425; 0.541333
3;18958; 9129; 0.481538
4;18658; 8062; 0.432093
5;18358; 6936; 0.377819
6;18058; 6007; 0.33265
7;17758; 5346; 0.301047
8;17458; 4748; 0.271967
9;17158; 4784; 0.27882
10;16858; 4501; 0.266995
Press any key to continue . . . 
